date,exercise,weight,reps,sets
2023-01-02,Bench Press,70,7,3
2023-01-02,Neutral Grip Lat Pulldown,65,12,4
2023-01-02,Overhead Press,42.5,5,4
2023-01-02,Rope Pushdown,22.5,6,3
2023-01-02,Weighted Chin-up (added weight),0,4,3
2023-01-04,Deadlift,105,6,3
2023-01-04,Weighted Dip (added weight),0,3,4
2023-01-06,Leg Extension,55,12,4
2023-01-06,Smith Machine Calf Raise,80,5,3
2023-01-06,Squat,82.5,8,3
2023-01-09,Bench Press,77.5,6,3
2023-01-09,Neutral Grip Lat Pulldown,65,6,3
2023-01-09,Overhead Press,42.5,7,3
2023-01-09,Rope Pushdown,22.5,8,4
2023-01-09,Weighted Chin-up (added weight),0,5,3
2023-01-11,Barbell Curl,27.5,12,3
2023-01-11,Barbell Row,60,5,4
2023-01-11,Weighted Dip (added weight),0,7,4
2023-01-13,Leg Extension,55,6,4
2023-01-13,Smith Machine Calf Raise,80,5,3
2023-01-13,Squat,80,7,4
2023-01-16,Bench Press,77.5,8,3
2023-01-16,Overhead Press,45,8,4
2023-01-16,Rope Pushdown,22.5,10,4
2023-01-18,Barbell Curl,27.5,8,3
2023-01-18,Deadlift,107.5,8,3
2023-01-20,Leg Extension,57.5,12,3
2023-01-20,Leg Press,145,12,3
2023-01-20,Smith Machine Calf Raise,85,5,4
2023-01-23,Bench Press,77.5,7,3
2023-01-23,Neutral Grip Lat Pulldown,67.5,12,3
2023-01-23,Overhead Press,45,5,3
2023-01-23,Rope Pushdown,25,12,3
2023-01-23,Weighted Chin-up (added weight),0,7,3
2023-01-25,Barbell Curl,27.5,12,3
2023-01-25,Barbell Row,62.5,7,4
2023-01-27,Leg Extension,55,8,3
2023-01-27,Leg Press,140,5,3
2023-01-27,Smith Machine Calf Raise,85,10,3
2023-01-27,Squat,80,5,3
2023-01-30,Bench Press,77.5,8,3
2023-01-30,Neutral Grip Lat Pulldown,70,5,3
2023-01-30,Overhead Press,45,6,3
2023-01-30,Rope Pushdown,22.5,6,3
2023-01-30,Weighted Chin-up (added weight),0,6,4
2023-02-01,Barbell Row,62.5,5,4
2023-02-01,Deadlift,112.5,6,4
2023-02-03,Smith Machine Calf Raise,85,6,4
2023-02-03,Squat,85,5,3
2023-02-06,Bench Press,75,5,4
2023-02-06,Neutral Grip Lat Pulldown,67.5,5,3
2023-02-06,Overhead Press,47.5,8,4
2023-02-06,Weighted Chin-up (added weight),2.5,7,4
2023-02-08,Deadlift,112.5,6,3
2023-02-08,Weighted Dip (added weight),0,7,3
2023-02-10,Leg Press,150,12,4
2023-02-10,Smith Machine Calf Raise,90,6,4
2023-02-10,Squat,82.5,6,3
2023-02-13,Bench Press,80,7,4
2023-02-13,Neutral Grip Lat Pulldown,70,6,4
2023-02-13,Overhead Press,47.5,5,3
2023-02-13,Weighted Chin-up (added weight),2.5,3,3
2023-02-15,Barbell Row,62.5,7,3
2023-02-15,Weighted Dip (added weight),2.5,8,3
2023-02-17,Leg Extension,62.5,12,4
2023-02-17,Leg Press,150,8,3
2023-02-17,Smith Machine Calf Raise,90,5,3
2023-02-17,Squat,82.5,5,3
2023-02-20,Bench Press,80,5,3
2023-02-20,Neutral Grip Lat Pulldown,72.5,6,3
2023-02-20,Overhead Press,45,7,3
2023-02-20,Weighted Chin-up (added weight),2.5,6,3
2023-02-22,Barbell Row,67.5,5,4
2023-02-22,Deadlift,110,6,3
2023-02-22,Weighted Dip (added weight),2.5,3,4
2023-02-24,Leg Press,150,6,3
2023-02-27,Bench Press,80,5,3
2023-02-27,Overhead Press,45,8,3
2023-02-27,Weighted Chin-up (added weight),2.5,3,4
2023-03-01,Barbell Row,67.5,6,3
2023-03-01,Deadlift,117.5,8,4
2023-03-01,Weighted Dip (added weight),2.5,5,4
2023-03-03,Leg Press,155,10,4
2023-03-03,Smith Machine Calf Raise,90,6,4
2023-03-06,Bench Press,80,7,4
2023-03-06,Neutral Grip Lat Pulldown,67.5,10,3
2023-03-06,Overhead Press,50,5,4
2023-03-06,Rope Pushdown,25,8,4
2023-03-08,Barbell Curl,30,12,3
2023-03-08,Barbell Row,65,7,4
2023-03-08,Deadlift,120,7,4
2023-03-08,Weighted Dip (added weight),2.5,8,4
2023-03-10,Leg Extension,60,6,4
2023-03-10,Leg Press,150,12,4
2023-03-10,Smith Machine Calf Raise,90,6,3
2023-03-10,Squat,85,5,4
2023-03-13,Bench Press,80,7,3
2023-03-13,Neutral Grip Lat Pulldown,67.5,10,3
2023-03-13,Overhead Press,47.5,7,3
2023-03-13,Rope Pushdown,25,8,4
2023-03-15,Barbell Curl,30,10,4
2023-03-15,Barbell Row,65,8,3
2023-03-15,Deadlift,112.5,5,3
2023-03-15,Weighted Dip (added weight),2.5,3,4
2023-03-17,Leg Extension,60,8,3
2023-03-17,Squat,90,8,4
2023-03-20,Bench Press,75,8,3
2023-03-20,Neutral Grip Lat Pulldown,62.5,6,3
2023-03-20,Overhead Press,40,7,3
2023-03-20,Rope Pushdown,22.5,12,4
2023-03-20,Weighted Chin-up (added weight),0,7,3
2023-03-22,Barbell Curl,27.5,10,4
2023-03-22,Deadlift,107.5,8,3
2023-03-24,Smith Machine Calf Raise,85,12,3
2023-03-27,Bench Press,77.5,8,3
2023-03-27,Overhead Press,47.5,8,3
2023-03-29,Barbell Curl,30,12,4
2023-03-29,Barbell Row,65,8,3
2023-03-29,Deadlift,120,5,3
2023-03-29,Weighted Dip (added weight),2.5,4,4
2023-03-31,Leg Extension,60,5,3
2023-04-03,Bench Press,80,5,3
2023-04-03,Neutral Grip Lat Pulldown,70,12,3
2023-04-03,Rope Pushdown,25,10,3
2023-04-03,Weighted Chin-up (added weight),2.5,4,3
2023-04-05,Barbell Curl,30,6,3
2023-04-05,Deadlift,120,5,3
2023-04-05,Weighted Dip (added weight),2.5,5,4
2023-04-07,Leg Extension,60,10,4
2023-04-07,Leg Press,150,8,3
2023-04-07,Smith Machine Calf Raise,95,10,3
2023-04-07,Squat,90,5,3
2023-04-10,Bench Press,80,7,4
2023-04-10,Overhead Press,47.5,7,4
2023-04-10,Rope Pushdown,25,8,4
2023-04-12,Barbell Curl,30,8,3
2023-04-12,Barbell Row,65,8,3
2023-04-12,Deadlift,117.5,7,3
2023-04-12,Weighted Dip (added weight),2.5,5,4
2023-04-14,Leg Extension,60,6,4
2023-04-14,Leg Press,150,5,3
2023-04-14,Smith Machine Calf Raise,90,12,4
2023-04-14,Squat,87.5,6,4
2023-04-17,Bench Press,80,7,4
2023-04-17,Neutral Grip Lat Pulldown,70,8,4
2023-04-17,Overhead Press,47.5,7,3
2023-04-17,Weighted Chin-up (added weight),2.5,3,3
2023-04-19,Barbell Curl,30,8,4
2023-04-19,Barbell Row,65,7,3
2023-04-19,Weighted Dip (added weight),2.5,3,3
2023-04-21,Leg Press,150,5,4
2023-04-21,Smith Machine Calf Raise,90,10,4
2023-04-21,Squat,85,7,4
2023-04-24,Bench Press,80,5,3
2023-04-24,Neutral Grip Lat Pulldown,70,12,3
2023-04-24,Overhead Press,47.5,7,3
2023-04-26,Barbell Curl,30,8,3
2023-04-26,Barbell Row,67.5,5,3
2023-04-26,Deadlift,120,7,4
2023-04-26,Weighted Dip (added weight),2.5,3,3
2023-04-28,Leg Extension,60,8,3
2023-04-28,Leg Press,150,8,4
2023-04-28,Smith Machine Calf Raise,90,6,4
2023-04-28,Squat,87.5,8,4
2023-05-01,Bench Press,77.5,6,4
2023-05-01,Overhead Press,47.5,7,4
2023-05-01,Rope Pushdown,25,6,3
2023-05-01,Weighted Chin-up (added weight),2.5,8,4
2023-05-03,Barbell Row,67.5,5,3
2023-05-03,Weighted Dip (added weight),2.5,7,3
2023-05-05,Leg Press,155,8,3
2023-05-05,Smith Machine Calf Raise,90,5,4
2023-05-05,Squat,85,5,3
2023-05-08,Bench Press,77.5,5,3
2023-05-08,Neutral Grip Lat Pulldown,70,8,4
2023-05-08,Overhead Press,47.5,7,4
2023-05-08,Rope Pushdown,25,12,3
2023-05-10,Barbell Curl,30,10,4
2023-05-10,Barbell Row,65,8,4
2023-05-10,Deadlift,115,8,3
2023-05-12,Leg Extension,60,5,4
2023-05-12,Leg Press,145,12,3
2023-05-12,Smith Machine Calf Raise,95,5,4
2023-05-15,Bench Press,80,6,4
2023-05-15,Rope Pushdown,25,12,3
2023-05-15,Weighted Chin-up (added weight),2.5,6,4
2023-05-17,Barbell Row,67.5,5,4
2023-05-19,Leg Press,150,12,4
2023-05-19,Smith Machine Calf Raise,90,8,4
2023-05-19,Squat,87.5,7,3
2023-05-22,Bench Press,77.5,6,3
2023-05-22,Overhead Press,45,8,3
2023-05-22,Weighted Chin-up (added weight),2.5,6,4
2023-05-24,Barbell Curl,30,8,3
2023-05-24,Barbell Row,65,5,4
2023-05-24,Deadlift,112.5,5,3
2023-05-24,Weighted Dip (added weight),2.5,3,3
2023-05-26,Leg Press,155,12,4
2023-05-26,Smith Machine Calf Raise,90,10,3
2023-05-26,Squat,90,7,4
2023-05-29,Bench Press,77.5,7,3
2023-05-29,Neutral Grip Lat Pulldown,67.5,8,4
2023-05-29,Overhead Press,47.5,5,3
2023-05-29,Rope Pushdown,22.5,12,3
2023-05-29,Weighted Chin-up (added weight),2.5,3,3
2023-05-31,Barbell Row,65,6,4
2023-05-31,Deadlift,110,8,3
2023-05-31,Weighted Dip (added weight),2.5,8,3
2023-06-02,Leg Extension,60,8,4
2023-06-02,Leg Press,150,12,4
2023-06-02,Squat,85,6,3
2023-06-05,Bench Press,77.5,8,3
2023-06-05,Neutral Grip Lat Pulldown,70,5,4
2023-06-05,Overhead Press,47.5,7,4
2023-06-05,Weighted Chin-up (added weight),2.5,6,4
2023-06-07,Barbell Curl,30,6,4
2023-06-07,Barbell Row,62.5,7,3
2023-06-07,Weighted Dip (added weight),2.5,8,3
2023-06-09,Leg Press,150,6,3
2023-06-09,Smith Machine Calf Raise,90,6,3
2023-06-12,Bench Press,72.5,7,4
2023-06-12,Overhead Press,42.5,8,4
2023-06-12,Rope Pushdown,22.5,12,4
2023-06-12,Weighted Chin-up (added weight),2.5,3,4
2023-06-14,Barbell Row,60,7,4
2023-06-14,Deadlift,102.5,7,3
2023-06-16,Leg Extension,52.5,10,4
2023-06-16,Smith Machine Calf Raise,75,5,3
2023-06-16,Squat,77.5,5,4
2023-06-19,Bench Press,77.5,5,3
2023-06-19,Neutral Grip Lat Pulldown,70,10,3
2023-06-19,Overhead Press,45,8,4
2023-06-19,Weighted Chin-up (added weight),2.5,7,4
2023-06-21,Barbell Curl,30,10,3
2023-06-21,Barbell Row,62.5,8,3
2023-06-21,Deadlift,117.5,7,3
2023-06-23,Leg Extension,60,6,3
2023-06-23,Leg Press,145,12,3
2023-06-23,Smith Machine Calf Raise,90,6,3
2023-06-23,Squat,85,5,4
2023-06-26,Bench Press,77.5,6,3
2023-06-26,Neutral Grip Lat Pulldown,70,6,3
2023-06-26,Overhead Press,47.5,6,4
2023-06-26,Rope Pushdown,25,10,3
2023-06-28,Barbell Row,65,7,3
2023-06-28,Deadlift,110,8,3
2023-06-28,Weighted Dip (added weight),2.5,7,3
2023-06-30,Leg Press,150,5,3
2023-07-03,Bench Press,77.5,8,3
2023-07-03,Neutral Grip Lat Pulldown,70,8,4
2023-07-03,Overhead Press,47.5,6,3
2023-07-03,Rope Pushdown,25,6,3
2023-07-03,Weighted Chin-up (added weight),2.5,7,4
2023-07-05,Barbell Row,65,5,4
2023-07-05,Deadlift,117.5,8,4
2023-07-05,Weighted Dip (added weight),2.5,5,3
2023-07-07,Leg Extension,60,12,4
2023-07-07,Leg Press,155,8,3
2023-07-07,Smith Machine Calf Raise,90,10,3
2023-07-07,Squat,85,5,3
2023-07-10,Bench Press,80,7,3
2023-07-10,Neutral Grip Lat Pulldown,70,5,4
2023-07-10,Overhead Press,45,8,3
2023-07-10,Rope Pushdown,25,6,4
2023-07-12,Barbell Row,65,6,4
2023-07-12,Deadlift,112.5,7,4
2023-07-12,Weighted Dip (added weight),5,3,3
2023-07-14,Leg Press,155,12,3
2023-07-14,Smith Machine Calf Raise,90,5,3
2023-07-14,Squat,87.5,7,3
2023-07-17,Bench Press,80,8,4
2023-07-17,Neutral Grip Lat Pulldown,67.5,6,4
2023-07-17,Overhead Press,47.5,5,4
2023-07-17,Weighted Chin-up (added weight),2.5,8,4
2023-07-19,Barbell Curl,30,10,3
2023-07-19,Barbell Row,65,5,3
2023-07-19,Deadlift,112.5,6,3
2023-07-19,Weighted Dip (added weight),2.5,4,4
2023-07-21,Leg Extension,62.5,10,4
2023-07-21,Leg Press,145,8,4
2023-07-21,Smith Machine Calf Raise,85,8,3
2023-07-21,Squat,90,8,3
2023-07-24,Bench Press,80,7,3
2023-07-24,Neutral Grip Lat Pulldown,70,5,3
2023-07-24,Overhead Press,45,8,4
2023-07-24,Rope Pushdown,25,10,4
2023-07-24,Weighted Chin-up (added weight),2.5,5,4
2023-07-26,Barbell Row,65,6,3
2023-07-26,Deadlift,120,6,3
2023-07-28,Leg Press,155,10,4
2023-07-28,Smith Machine Calf Raise,90,5,4
2023-07-28,Squat,90,8,4
2023-07-31,Bench Press,80,7,3
2023-07-31,Neutral Grip Lat Pulldown,72.5,5,4
2023-07-31,Overhead Press,47.5,8,4
2023-07-31,Rope Pushdown,25,6,4
2023-07-31,Weighted Chin-up (added weight),2.5,5,3
2023-08-02,Barbell Curl,30,10,3
2023-08-02,Barbell Row,65,8,3
2023-08-04,Leg Extension,62.5,8,4
2023-08-04,Squat,87.5,6,4
2023-08-07,Bench Press,82.5,5,4
2023-08-07,Neutral Grip Lat Pulldown,70,6,4
2023-08-07,Overhead Press,47.5,8,4
2023-08-07,Rope Pushdown,25,12,3
2023-08-07,Weighted Chin-up (added weight),2.5,7,3
2023-08-09,Barbell Curl,30,8,4
2023-08-09,Barbell Row,67.5,6,3
2023-08-09,Deadlift,122.5,7,4
2023-08-09,Weighted Dip (added weight),5,5,3
2023-08-11,Leg Extension,65,5,3
2023-08-11,Leg Press,150,6,3
2023-08-11,Smith Machine Calf Raise,95,12,3
2023-08-14,Bench Press,80,6,3
2023-08-14,Neutral Grip Lat Pulldown,72.5,10,3
2023-08-14,Overhead Press,47.5,7,3
2023-08-14,Rope Pushdown,25,12,3
2023-08-16,Barbell Row,70,8,3
2023-08-16,Deadlift,125,8,4
2023-08-18,Leg Extension,65,8,4
2023-08-18,Leg Press,150,12,3
2023-08-18,Squat,87.5,8,4
2023-08-21,Bench Press,82.5,6,4
2023-08-21,Neutral Grip Lat Pulldown,70,5,4
2023-08-21,Overhead Press,50,8,3
2023-08-21,Weighted Chin-up (added weight),2.5,6,3
2023-08-23,Barbell Curl,30,10,3
2023-08-23,Barbell Row,67.5,5,3
2023-08-23,Deadlift,120,8,3
2023-08-23,Weighted Dip (added weight),5,4,4
2023-08-25,Leg Extension,65,6,4
2023-08-25,Leg Press,160,12,3
2023-08-25,Smith Machine Calf Raise,95,6,4
2023-08-25,Squat,90,8,3
2023-08-28,Bench Press,85,7,3
2023-08-28,Neutral Grip Lat Pulldown,72.5,10,4
2023-08-28,Rope Pushdown,25,6,4
2023-08-28,Weighted Chin-up (added weight),5,7,3
2023-08-30,Barbell Row,67.5,7,3
2023-08-30,Deadlift,122.5,5,4
2023-09-01,Leg Extension,67.5,5,4
2023-09-01,Leg Press,155,6,3
2023-09-01,Smith Machine Calf Raise,95,5,4
2023-09-04,Bench Press,77.5,8,4
2023-09-04,Neutral Grip Lat Pulldown,67.5,8,3
2023-09-04,Overhead Press,47.5,7,4
2023-09-06,Barbell Curl,30,12,3
2023-09-06,Barbell Row,62.5,8,4
2023-09-06,Deadlift,112.5,8,4
2023-09-08,Leg Extension,60,6,4
2023-09-08,Leg Press,140,8,4
2023-09-08,Smith Machine Calf Raise,85,8,4
2023-09-08,Squat,87.5,6,4
2023-09-11,Bench Press,87.5,5,3
2023-09-11,Neutral Grip Lat Pulldown,72.5,8,4
2023-09-11,Overhead Press,50,6,3
2023-09-11,Rope Pushdown,25,8,4
2023-09-11,Weighted Chin-up (added weight),5,6,3
2023-09-13,Barbell Curl,32.5,12,3
2023-09-13,Barbell Row,72.5,6,4
2023-09-13,Weighted Dip (added weight),5,4,3
2023-09-15,Leg Extension,67.5,10,3
2023-09-15,Smith Machine Calf Raise,100,10,3
2023-09-15,Squat,92.5,8,3
2023-09-18,Bench Press,85,5,4
2023-09-18,Overhead Press,52.5,7,4
2023-09-20,Barbell Curl,32.5,10,4
2023-09-20,Deadlift,127.5,6,3
2023-09-22,Leg Extension,67.5,5,3
2023-09-22,Leg Press,160,10,4
2023-09-22,Squat,97.5,6,3
2023-09-25,Bench Press,85,7,3
2023-09-25,Neutral Grip Lat Pulldown,72.5,6,4
2023-09-25,Overhead Press,52.5,6,3
2023-09-25,Weighted Chin-up (added weight),5,3,3
2023-09-27,Barbell Curl,32.5,8,4
2023-09-27,Barbell Row,72.5,7,3
2023-09-27,Deadlift,132.5,7,3
2023-09-27,Weighted Dip (added weight),5,3,3
2023-09-29,Leg Extension,67.5,12,4
2023-09-29,Leg Press,170,5,3
2023-09-29,Smith Machine Calf Raise,100,10,3
2023-10-02,Bench Press,87.5,7,4
2023-10-02,Neutral Grip Lat Pulldown,75,8,3
2023-10-02,Overhead Press,52.5,8,4
2023-10-02,Rope Pushdown,27.5,10,4
2023-10-02,Weighted Chin-up (added weight),5,4,4
2023-10-04,Barbell Curl,35,8,4
2023-10-04,Barbell Row,70,8,3
2023-10-04,Deadlift,127.5,5,4
2023-10-04,Weighted Dip (added weight),5,6,4
2023-10-06,Leg Press,160,6,4
2023-10-06,Smith Machine Calf Raise,105,10,3
2023-10-09,Bench Press,87.5,8,3
2023-10-09,Neutral Grip Lat Pulldown,72.5,5,4
2023-10-09,Overhead Press,52.5,5,4
2023-10-09,Rope Pushdown,25,10,4
2023-10-09,Weighted Chin-up (added weight),5,8,4
2023-10-11,Barbell Curl,32.5,8,3
2023-10-11,Barbell Row,70,8,4
2023-10-11,Deadlift,127.5,6,4
2023-10-13,Leg Extension,65,6,4
2023-10-13,Leg Press,165,12,4
2023-10-13,Squat,97.5,7,4
2023-10-16,Bench Press,87.5,6,4
2023-10-16,Neutral Grip Lat Pulldown,75,12,4
2023-10-16,Weighted Chin-up (added weight),5,7,4
2023-10-18,Barbell Row,75,7,3
2023-10-18,Deadlift,132.5,7,4
2023-10-18,Weighted Dip (added weight),5,8,3
2023-10-20,Leg Extension,70,5,3
2023-10-20,Smith Machine Calf Raise,100,6,4
2023-10-20,Squat,95,8,3
2023-10-23,Bench Press,87.5,8,3
2023-10-23,Overhead Press,52.5,7,4
2023-10-23,Rope Pushdown,27.5,10,4
2023-10-23,Weighted Chin-up (added weight),5,4,4
2023-10-25,Deadlift,130,7,3
2023-10-27,Leg Extension,70,10,4
2023-10-27,Leg Press,170,8,4
2023-10-27,Squat,100,8,4
2023-10-30,Bench Press,92.5,7,3
2023-10-30,Overhead Press,55,7,4
2023-10-30,Rope Pushdown,27.5,10,3
2023-10-30,Weighted Chin-up (added weight),5,4,3
2023-11-01,Barbell Curl,35,6,3
2023-11-01,Barbell Row,77.5,6,3
2023-11-01,Deadlift,135,6,3
2023-11-01,Weighted Dip (added weight),7.5,8,4
2023-11-03,Leg Extension,67.5,5,3
2023-11-03,Leg Press,170,8,4
2023-11-03,Smith Machine Calf Raise,105,5,3
2023-11-03,Squat,100,8,4
2023-11-06,Bench Press,92.5,5,4
2023-11-06,Neutral Grip Lat Pulldown,80,12,4
2023-11-06,Overhead Press,52.5,7,3
2023-11-06,Weighted Chin-up (added weight),5,3,4
2023-11-08,Barbell Curl,35,8,4
2023-11-08,Barbell Row,75,8,4
2023-11-08,Deadlift,132.5,7,3
2023-11-08,Weighted Dip (added weight),5,5,4
2023-11-10,Leg Press,165,5,3
2023-11-10,Smith Machine Calf Raise,105,5,4
2023-11-13,Bench Press,90,7,4
2023-11-13,Neutral Grip Lat Pulldown,75,12,4
2023-11-13,Overhead Press,55,5,4
2023-11-13,Weighted Chin-up (added weight),5,3,3
2023-11-15,Barbell Row,72.5,6,4
2023-11-15,Deadlift,137.5,7,3
2023-11-15,Weighted Dip (added weight),7.5,6,4
2023-11-17,Leg Extension,70,12,3
2023-11-17,Smith Machine Calf Raise,105,8,3
2023-11-20,Bench Press,87.5,6,3
2023-11-20,Overhead Press,55,8,3
2023-11-20,Rope Pushdown,27.5,8,4
2023-11-20,Weighted Chin-up (added weight),5,6,3
2023-11-22,Barbell Curl,32.5,6,4
2023-11-22,Barbell Row,75,5,3
2023-11-22,Deadlift,130,8,4
2023-11-22,Weighted Dip (added weight),7.5,5,3
2023-11-24,Leg Extension,70,12,3
2023-11-24,Leg Press,175,10,4
2023-11-24,Smith Machine Calf Raise,105,6,4
2023-11-24,Squat,97.5,6,4
2023-11-27,Bench Press,85,6,3
2023-11-27,Neutral Grip Lat Pulldown,70,5,3
2023-11-27,Overhead Press,52.5,8,4
2023-11-27,Weighted Chin-up (added weight),5,4,4
2023-11-29,Barbell Row,67.5,5,4
2023-11-29,Deadlift,125,5,3
2023-11-29,Weighted Dip (added weight),5,3,3
2023-12-01,Leg Extension,65,8,3
2023-12-01,Leg Press,165,6,4
2023-12-01,Smith Machine Calf Raise,95,12,3
2023-12-01,Squat,90,6,3
2023-12-04,Bench Press,90,6,4
2023-12-04,Neutral Grip Lat Pulldown,77.5,6,4
2023-12-04,Overhead Press,52.5,7,4
2023-12-04,Rope Pushdown,27.5,12,3
2023-12-06,Barbell Curl,32.5,10,3
2023-12-06,Barbell Row,75,8,3
2023-12-06,Weighted Dip (added weight),7.5,7,3
2023-12-08,Leg Extension,70,6,3
2023-12-08,Smith Machine Calf Raise,105,12,3
2023-12-11,Bench Press,87.5,6,4
2023-12-11,Overhead Press,55,7,3
2023-12-11,Weighted Chin-up (added weight),5,8,3
2023-12-13,Barbell Curl,35,10,4
2023-12-13,Barbell Row,75,8,3
2023-12-13,Weighted Dip (added weight),7.5,6,4
2023-12-15,Leg Extension,67.5,6,3
2023-12-15,Leg Press,170,6,4
2023-12-15,Smith Machine Calf Raise,105,12,4
2023-12-15,Squat,100,5,4
2023-12-18,Bench Press,87.5,6,4
2023-12-18,Neutral Grip Lat Pulldown,77.5,10,4
2023-12-18,Overhead Press,52.5,7,4
2023-12-18,Rope Pushdown,27.5,8,3
2023-12-20,Barbell Row,72.5,5,3
2023-12-20,Deadlift,132.5,5,3
2023-12-20,Weighted Dip (added weight),7.5,4,3
2023-12-22,Leg Extension,67.5,12,4
2023-12-22,Leg Press,170,12,4
2023-12-22,Smith Machine Calf Raise,105,8,4
2023-12-22,Squat,100,7,3
2023-12-25,Bench Press,92.5,8,3
2023-12-25,Overhead Press,52.5,6,3
2023-12-25,Rope Pushdown,27.5,12,3
2023-12-25,Weighted Chin-up (added weight),5,5,4
2023-12-27,Barbell Curl,32.5,8,3
2023-12-27,Barbell Row,75,5,3
2023-12-27,Weighted Dip (added weight),7.5,7,4
2023-12-29,Smith Machine Calf Raise,105,12,4
2023-12-29,Squat,97.5,7,3
2024-01-01,Bench Press,92.5,7,3
2024-01-01,Overhead Press,55,5,3
2024-01-01,Rope Pushdown,27.5,12,4
2024-01-01,Weighted Chin-up (added weight),5,8,4
2024-01-03,Barbell Row,75,5,4
2024-01-03,Deadlift,135,5,4
2024-01-03,Weighted Dip (added weight),7.5,7,4
2024-01-05,Leg Extension,70,10,3
2024-01-05,Leg Press,170,10,4
2024-01-05,Smith Machine Calf Raise,100,6,3
2024-01-05,Squat,100,8,4
2024-01-08,Bench Press,87.5,6,4
2024-01-08,Neutral Grip Lat Pulldown,75,12,4
2024-01-08,Overhead Press,52.5,5,4
2024-01-08,Rope Pushdown,27.5,6,4
2024-01-08,Weighted Chin-up (added weight),5,3,3
2024-01-10,Barbell Curl,32.5,12,3
2024-01-10,Barbell Row,75,5,3
2024-01-10,Weighted Dip (added weight),7.5,6,3
2024-01-12,Leg Extension,70,12,3
2024-01-12,Leg Press,165,8,3
2024-01-12,Smith Machine Calf Raise,100,5,4
2024-01-12,Squat,97.5,8,4
2024-01-15,Bench Press,90,7,4
2024-01-15,Neutral Grip Lat Pulldown,77.5,8,4
2024-01-15,Overhead Press,55,6,4
2024-01-15,Weighted Chin-up (added weight),5,4,4
2024-01-17,Barbell Row,75,8,4
2024-01-17,Deadlift,135,6,4
2024-01-17,Weighted Dip (added weight),7.5,7,3
2024-01-19,Leg Extension,67.5,8,3
2024-01-19,Leg Press,165,5,4
2024-01-19,Smith Machine Calf Raise,100,10,4
2024-01-19,Squat,100,8,3
2024-01-22,Bench Press,92.5,8,4
2024-01-22,Neutral Grip Lat Pulldown,77.5,12,3
2024-01-22,Overhead Press,55,8,3
2024-01-22,Rope Pushdown,27.5,10,3
2024-01-24,Barbell Curl,32.5,8,4
2024-01-24,Deadlift,127.5,8,4
2024-01-24,Weighted Dip (added weight),7.5,5,3
2024-01-26,Leg Extension,67.5,5,3
2024-01-26,Squat,97.5,6,4
2024-01-29,Bench Press,87.5,7,4
2024-01-29,Neutral Grip Lat Pulldown,72.5,5,3
2024-01-29,Overhead Press,55,7,4
2024-01-29,Weighted Chin-up (added weight),5,6,4
2024-01-31,Barbell Curl,32.5,8,3
2024-01-31,Barbell Row,75,7,4
2024-01-31,Deadlift,132.5,6,3
2024-02-02,Leg Extension,70,5,3
2024-02-02,Leg Press,165,5,3
2024-02-02,Smith Machine Calf Raise,105,8,4
2024-02-02,Squat,97.5,5,3
2024-02-05,Bench Press,87.5,8,4
2024-02-05,Overhead Press,55,5,4
2024-02-05,Rope Pushdown,27.5,10,3
2024-02-05,Weighted Chin-up (added weight),5,4,4
2024-02-07,Barbell Curl,32.5,8,3
2024-02-07,Barbell Row,72.5,6,4
2024-02-07,Deadlift,127.5,7,3
2024-02-07,Weighted Dip (added weight),7.5,7,3
2024-02-09,Leg Extension,67.5,10,4
2024-02-09,Smith Machine Calf Raise,100,10,4
2024-02-09,Squat,97.5,5,4
2024-02-12,Bench Press,90,6,4
2024-02-12,Neutral Grip Lat Pulldown,75,10,3
2024-02-12,Overhead Press,52.5,7,3
2024-02-12,Rope Pushdown,27.5,10,3
2024-02-14,Barbell Row,72.5,8,3
2024-02-14,Weighted Dip (added weight),7.5,4,4
2024-02-16,Leg Extension,65,6,4
2024-02-16,Squat,87.5,5,4
2024-02-19,Bench Press,80,6,3
2024-02-19,Neutral Grip Lat Pulldown,67.5,12,3
2024-02-19,Overhead Press,50,7,4
2024-02-19,Rope Pushdown,25,12,3
2024-02-19,Weighted Chin-up (added weight),5,8,4
2024-02-21,Weighted Dip (added weight),7.5,4,3
2024-02-23,Leg Extension,67.5,10,4
2024-02-23,Leg Press,170,10,3
2024-02-23,Smith Machine Calf Raise,105,5,4
2024-02-26,Bench Press,87.5,7,4
2024-02-26,Rope Pushdown,27.5,10,3
2024-02-26,Weighted Chin-up (added weight),5,8,3
2024-02-28,Barbell Curl,32.5,10,3
2024-02-28,Barbell Row,75,6,4
2024-02-28,Weighted Dip (added weight),7.5,5,3
2024-03-01,Leg Extension,70,6,3
2024-03-01,Leg Press,170,10,4
2024-03-01,Squat,97.5,8,3
2024-03-04,Bench Press,90,7,3
2024-03-04,Neutral Grip Lat Pulldown,72.5,5,3
2024-03-04,Overhead Press,52.5,7,3
2024-03-04,Rope Pushdown,25,8,4
2024-03-04,Weighted Chin-up (added weight),5,8,3
2024-03-06,Barbell Curl,32.5,12,3
2024-03-06,Barbell Row,72.5,6,4
2024-03-06,Deadlift,132.5,5,4
2024-03-06,Weighted Dip (added weight),7.5,3,4
2024-03-08,Leg Extension,67.5,10,4
2024-03-08,Leg Press,165,8,3
2024-03-08,Squat,97.5,5,3
2024-03-11,Bench Press,87.5,5,4
2024-03-11,Overhead Press,52.5,6,3
2024-03-11,Weighted Chin-up (added weight),5,7,4
2024-03-13,Barbell Curl,32.5,6,3
2024-03-13,Barbell Row,72.5,6,4
2024-03-13,Weighted Dip (added weight),7.5,4,4
2024-03-15,Leg Extension,70,12,4
2024-03-15,Smith Machine Calf Raise,105,10,3
2024-03-18,Bench Press,87.5,7,3
2024-03-18,Overhead Press,52.5,8,4
2024-03-18,Rope Pushdown,27.5,8,4
2024-03-18,Weighted Chin-up (added weight),5,6,4
2024-03-20,Barbell Curl,35,6,4
2024-03-20,Barbell Row,72.5,5,4
2024-03-20,Deadlift,127.5,6,3
2024-03-20,Weighted Dip (added weight),7.5,4,3
2024-03-22,Leg Extension,67.5,12,4
2024-03-22,Leg Press,165,5,3
2024-03-22,Smith Machine Calf Raise,100,8,3
2024-03-22,Squat,95,6,3
2024-03-25,Bench Press,87.5,8,4
2024-03-25,Neutral Grip Lat Pulldown,75,5,3
2024-03-25,Overhead Press,52.5,5,4
2024-03-25,Rope Pushdown,27.5,6,3
2024-03-25,Weighted Chin-up (added weight),5,6,3
2024-03-27,Barbell Curl,32.5,10,3
2024-03-27,Barbell Row,77.5,5,4
2024-03-27,Deadlift,132.5,8,3
2024-03-27,Weighted Dip (added weight),7.5,8,4
2024-03-29,Squat,100,6,3
2024-04-01,Bench Press,90,7,4
2024-04-01,Neutral Grip Lat Pulldown,75,10,3
2024-04-01,Overhead Press,55,5,4
2024-04-01,Weighted Chin-up (added weight),5,5,3
2024-04-03,Deadlift,135,6,3
2024-04-03,Weighted Dip (added weight),7.5,8,3
2024-04-05,Leg Press,175,10,4
2024-04-05,Squat,100,7,3
2024-04-08,Bench Press,90,5,3
2024-04-08,Neutral Grip Lat Pulldown,75,6,4
2024-04-08,Overhead Press,55,7,4
2024-04-08,Rope Pushdown,27.5,12,3
2024-04-10,Barbell Row,77.5,7,4
2024-04-10,Deadlift,132.5,7,4
2024-04-10,Weighted Dip (added weight),7.5,4,3
2024-04-12,Leg Press,170,12,4
2024-04-12,Smith Machine Calf Raise,105,8,3
2024-04-12,Squat,97.5,6,4
2024-04-15,Bench Press,92.5,7,3
2024-04-15,Neutral Grip Lat Pulldown,75,6,3
2024-04-15,Overhead Press,57.5,6,3
2024-04-15,Weighted Chin-up (added weight),7.5,6,3
2024-04-17,Barbell Curl,35,8,3
2024-04-17,Barbell Row,75,5,4
2024-04-17,Weighted Dip (added weight),7.5,3,3
2024-04-19,Leg Extension,72.5,6,4
2024-04-19,Squat,100,5,4
2024-04-22,Bench Press,95,7,3
2024-04-22,Neutral Grip Lat Pulldown,75,10,3
2024-04-22,Overhead Press,55,6,4
2024-04-22,Rope Pushdown,27.5,10,4
2024-04-24,Barbell Curl,35,8,3
2024-04-24,Barbell Row,77.5,8,3
2024-04-24,Deadlift,132.5,6,4
2024-04-24,Weighted Dip (added weight),7.5,6,3
2024-04-26,Leg Extension,72.5,8,4
2024-04-26,Leg Press,170,12,4
2024-04-26,Smith Machine Calf Raise,105,12,3
2024-04-29,Bench Press,95,7,3
2024-04-29,Neutral Grip Lat Pulldown,77.5,8,3
2024-04-29,Overhead Press,55,7,3
2024-05-01,Barbell Row,80,8,4
2024-05-03,Leg Extension,72.5,12,3
2024-05-03,Smith Machine Calf Raise,105,10,4
2024-05-03,Squat,100,7,4
2024-05-06,Bench Press,90,5,3
2024-05-06,Overhead Press,55,8,3
2024-05-06,Weighted Chin-up (added weight),7.5,4,4
2024-05-08,Barbell Row,75,6,3
2024-05-10,Leg Extension,67.5,6,4
2024-05-10,Leg Press,165,10,3
2024-05-10,Smith Machine Calf Raise,105,8,3
2024-05-13,Bench Press,87.5,7,3
2024-05-13,Overhead Press,55,8,4
2024-05-13,Weighted Chin-up (added weight),5,4,3
2024-05-15,Barbell Curl,32.5,8,4
2024-05-15,Barbell Row,75,6,3
2024-05-15,Deadlift,132.5,5,3
2024-05-17,Leg Extension,72.5,6,3
2024-05-17,Leg Press,180,5,4
2024-05-17,Smith Machine Calf Raise,110,5,3
2024-05-20,Bench Press,95,6,4
2024-05-20,Overhead Press,57.5,8,3
2024-05-20,Rope Pushdown,30,8,3
2024-05-22,Barbell Curl,37.5,6,4
2024-05-22,Barbell Row,77.5,5,3
2024-05-22,Deadlift,142.5,5,4
2024-05-22,Weighted Dip (added weight),10,4,3
2024-05-24,Leg Extension,72.5,6,3
2024-05-24,Leg Press,180,12,4
2024-05-24,Smith Machine Calf Raise,110,12,4
2024-05-24,Squat,105,8,3
2024-05-27,Bench Press,95,5,3
2024-05-27,Overhead Press,57.5,8,3
2024-05-27,Rope Pushdown,27.5,6,3
2024-05-27,Weighted Chin-up (added weight),7.5,3,4
2024-05-29,Barbell Curl,37.5,10,3
2024-05-29,Barbell Row,77.5,8,4
2024-05-29,Deadlift,142.5,5,4
2024-05-29,Weighted Dip (added weight),10,3,4
2024-05-31,Leg Extension,75,5,4
2024-05-31,Leg Press,175,5,3
2024-05-31,Squat,102.5,8,4
2024-06-03,Bench Press,97.5,6,3
2024-06-03,Neutral Grip Lat Pulldown,82.5,5,3
2024-06-03,Overhead Press,60,8,4
2024-06-03,Rope Pushdown,30,8,3
2024-06-03,Weighted Chin-up (added weight),7.5,5,3
2024-06-05,Barbell Curl,37.5,8,4
2024-06-05,Barbell Row,77.5,8,3
2024-06-07,Leg Extension,77.5,5,4
2024-06-07,Leg Press,180,8,4
2024-06-07,Smith Machine Calf Raise,110,12,3
2024-06-07,Squat,107.5,5,3
2024-06-10,Bench Press,97.5,5,4
2024-06-10,Neutral Grip Lat Pulldown,80,6,4
2024-06-10,Overhead Press,60,8,4
2024-06-10,Rope Pushdown,30,10,3
2024-06-10,Weighted Chin-up (added weight),7.5,7,4
2024-06-12,Barbell Row,82.5,7,4
2024-06-12,Deadlift,142.5,7,4
2024-06-12,Weighted Dip (added weight),10,8,3
2024-06-14,Leg Extension,77.5,10,4
2024-06-14,Leg Press,180,5,3
2024-06-14,Smith Machine Calf Raise,115,5,3
2024-06-14,Squat,105,8,4
2024-06-17,Bench Press,100,8,3
2024-06-17,Neutral Grip Lat Pulldown,80,8,3
2024-06-17,Overhead Press,60,5,3
2024-06-17,Rope Pushdown,30,12,3
2024-06-17,Weighted Chin-up (added weight),7.5,3,3
2024-06-19,Barbell Curl,37.5,8,3
2024-06-19,Barbell Row,82.5,7,4
2024-06-19,Deadlift,142.5,8,4
2024-06-19,Weighted Dip (added weight),10,8,3
2024-06-21,Leg Extension,77.5,5,4
2024-06-21,Leg Press,185,8,4
2024-06-24,Bench Press,100,5,3
2024-06-24,Neutral Grip Lat Pulldown,82.5,12,4
2024-06-24,Overhead Press,60,7,4
2024-06-24,Rope Pushdown,27.5,10,4
2024-06-24,Weighted Chin-up (added weight),7.5,5,4
2024-06-26,Barbell Curl,37.5,8,3
2024-06-26,Deadlift,142.5,5,4
2024-06-26,Weighted Dip (added weight),10,5,4
2024-06-28,Leg Extension,77.5,6,3
2024-06-28,Smith Machine Calf Raise,120,8,4
2024-07-01,Bench Press,100,6,4
2024-07-01,Neutral Grip Lat Pulldown,82.5,8,3
2024-07-01,Overhead Press,60,8,4
2024-07-01,Weighted Chin-up (added weight),7.5,8,3
2024-07-03,Barbell Curl,37.5,6,4
2024-07-03,Barbell Row,80,6,4
2024-07-03,Weighted Dip (added weight),10,5,4
2024-07-05,Leg Extension,80,10,4
2024-07-05,Smith Machine Calf Raise,120,6,3
2024-07-05,Squat,110,5,4
2024-07-08,Bench Press,97.5,8,3
2024-07-08,Neutral Grip Lat Pulldown,80,6,3
2024-07-08,Overhead Press,62.5,5,4
2024-07-08,Rope Pushdown,30,6,3
2024-07-08,Weighted Chin-up (added weight),7.5,5,3
2024-07-10,Deadlift,147.5,8,4
2024-07-10,Weighted Dip (added weight),10,4,4
2024-07-12,Leg Extension,77.5,8,4
2024-07-12,Leg Press,185,5,3
2024-07-12,Smith Machine Calf Raise,115,12,4
2024-07-15,Bench Press,102.5,7,4
2024-07-15,Overhead Press,60,7,4
2024-07-15,Rope Pushdown,30,10,3
2024-07-17,Barbell Curl,37.5,6,4
2024-07-17,Barbell Row,85,6,3
2024-07-17,Deadlift,150,8,3
2024-07-17,Weighted Dip (added weight),10,4,3
2024-07-19,Leg Extension,77.5,5,3
2024-07-19,Leg Press,185,5,3
2024-07-19,Smith Machine Calf Raise,115,10,3
2024-07-22,Bench Press,100,6,3
2024-07-22,Neutral Grip Lat Pulldown,85,12,3
2024-07-22,Overhead Press,62.5,7,4
2024-07-22,Rope Pushdown,30,12,3
2024-07-22,Weighted Chin-up (added weight),7.5,5,3
2024-07-24,Barbell Row,82.5,5,4
2024-07-24,Deadlift,150,6,4
2024-07-26,Smith Machine Calf Raise,115,5,3
2024-07-26,Squat,107.5,5,3
2024-07-29,Bench Press,97.5,7,3
2024-07-29,Neutral Grip Lat Pulldown,82.5,10,3
2024-07-29,Overhead Press,62.5,7,4
2024-07-29,Rope Pushdown,30,6,3
2024-07-29,Weighted Chin-up (added weight),7.5,3,4
2024-07-31,Barbell Curl,37.5,10,4
2024-07-31,Barbell Row,82.5,7,4
2024-08-02,Leg Extension,72.5,10,3
2024-08-02,Smith Machine Calf Raise,110,5,3
2024-08-02,Squat,100,8,4
2024-08-05,Bench Press,95,8,4
2024-08-05,Overhead Press,55,7,3
2024-08-07,Barbell Row,77.5,8,4
2024-08-07,Weighted Dip (added weight),10,5,3
2024-08-09,Leg Extension,80,10,4
2024-08-09,Leg Press,190,12,3
2024-08-09,Smith Machine Calf Raise,120,6,3
2024-08-09,Squat,110,6,4
2024-08-12,Bench Press,102.5,8,4
2024-08-12,Neutral Grip Lat Pulldown,82.5,6,3
2024-08-12,Overhead Press,60,8,4
2024-08-12,Rope Pushdown,30,12,3
2024-08-12,Weighted Chin-up (added weight),7.5,3,3
2024-08-14,Barbell Row,80,8,3
2024-08-14,Weighted Dip (added weight),10,7,3
2024-08-16,Leg Extension,80,12,3
2024-08-16,Smith Machine Calf Raise,115,8,4
2024-08-19,Bench Press,102.5,8,4
2024-08-19,Neutral Grip Lat Pulldown,82.5,8,4
2024-08-19,Overhead Press,62.5,8,4
2024-08-19,Weighted Chin-up (added weight),7.5,8,3
2024-08-21,Barbell Curl,37.5,8,4
2024-08-21,Barbell Row,82.5,6,3
2024-08-21,Deadlift,145,6,4
2024-08-23,Leg Press,185,12,3
2024-08-23,Smith Machine Calf Raise,120,12,4
2024-08-23,Squat,107.5,5,4
2024-08-26,Bench Press,100,6,3
2024-08-26,Neutral Grip Lat Pulldown,85,8,4
2024-08-26,Overhead Press,60,8,4
2024-08-26,Weighted Chin-up (added weight),7.5,7,3
2024-08-28,Barbell Row,85,6,3
2024-08-28,Deadlift,147.5,7,4
2024-08-28,Weighted Dip (added weight),10,8,4
2024-08-30,Leg Extension,80,10,4
2024-08-30,Leg Press,190,12,4
2024-08-30,Squat,110,6,4
2024-09-02,Bench Press,97.5,5,3
2024-09-02,Neutral Grip Lat Pulldown,80,8,3
2024-09-02,Overhead Press,60,5,3
2024-09-02,Weighted Chin-up (added weight),7.5,5,4
2024-09-04,Barbell Curl,37.5,10,3
2024-09-04,Barbell Row,82.5,6,4
2024-09-04,Deadlift,150,5,3
2024-09-04,Weighted Dip (added weight),10,6,4
2024-09-06,Leg Extension,77.5,12,3
2024-09-06,Smith Machine Calf Raise,120,8,4
2024-09-06,Squat,107.5,8,3
2024-09-09,Bench Press,100,6,3
2024-09-09,Neutral Grip Lat Pulldown,82.5,6,3
2024-09-09,Overhead Press,60,5,4
2024-09-09,Rope Pushdown,30,6,4
2024-09-09,Weighted Chin-up (added weight),7.5,4,4
2024-09-11,Barbell Curl,37.5,10,3
2024-09-11,Barbell Row,82.5,6,3
2024-09-11,Deadlift,147.5,7,3
2024-09-11,Weighted Dip (added weight),12.5,4,4
2024-09-13,Leg Press,185,8,3
2024-09-13,Smith Machine Calf Raise,115,12,3
2024-09-16,Bench Press,97.5,6,3
2024-09-16,Neutral Grip Lat Pulldown,82.5,5,4
2024-09-16,Rope Pushdown,30,12,3
2024-09-16,Weighted Chin-up (added weight),7.5,3,4
2024-09-18,Barbell Curl,37.5,8,4
2024-09-18,Deadlift,147.5,7,3
2024-09-18,Weighted Dip (added weight),12.5,7,3
2024-09-20,Leg Extension,75,10,4
2024-09-20,Leg Press,190,10,3
2024-09-20,Smith Machine Calf Raise,115,6,4
2024-09-23,Bench Press,100,6,4
2024-09-23,Neutral Grip Lat Pulldown,82.5,12,3
2024-09-23,Overhead Press,60,8,4
2024-09-23,Weighted Chin-up (added weight),7.5,3,3
2024-09-25,Barbell Curl,37.5,6,4
2024-09-25,Barbell Row,80,5,4
2024-09-25,Deadlift,150,5,4
2024-09-27,Leg Extension,77.5,8,3
2024-09-27,Smith Machine Calf Raise,115,5,3
2024-09-27,Squat,105,8,4
2024-09-30,Bench Press,100,5,4
2024-09-30,Neutral Grip Lat Pulldown,80,8,3
2024-09-30,Overhead Press,60,7,3
2024-09-30,Rope Pushdown,30,6,4
2024-09-30,Weighted Chin-up (added weight),7.5,7,3
2024-10-02,Barbell Curl,35,8,4
2024-10-02,Barbell Row,82.5,8,4
2024-10-02,Deadlift,142.5,5,4
2024-10-02,Weighted Dip (added weight),12.5,4,3
2024-10-04,Leg Extension,75,6,4
2024-10-04,Leg Press,180,8,4
2024-10-04,Smith Machine Calf Raise,115,8,4
2024-10-04,Squat,105,7,3
2024-10-07,Bench Press,97.5,7,4
2024-10-07,Neutral Grip Lat Pulldown,80,8,3
2024-10-07,Overhead Press,60,5,4
2024-10-09,Barbell Curl,37.5,12,3
2024-10-09,Barbell Row,82.5,8,3
2024-10-11,Leg Extension,77.5,12,3
2024-10-11,Leg Press,185,10,4
2024-10-11,Smith Machine Calf Raise,115,6,3
2024-10-11,Squat,105,7,3
2024-10-14,Bench Press,97.5,6,4
2024-10-14,Neutral Grip Lat Pulldown,80,6,4
2024-10-14,Rope Pushdown,30,6,3
2024-10-14,Weighted Chin-up (added weight),7.5,4,3
2024-10-16,Barbell Curl,37.5,6,4
2024-10-16,Barbell Row,82.5,7,4
2024-10-16,Weighted Dip (added weight),12.5,6,4
2024-10-18,Leg Extension,77.5,12,3
2024-10-18,Smith Machine Calf Raise,110,6,3
2024-10-18,Squat,110,8,4
2024-10-21,Bench Press,97.5,6,3
2024-10-21,Neutral Grip Lat Pulldown,80,12,3
2024-10-21,Overhead Press,60,5,3
2024-10-21,Rope Pushdown,30,8,3
2024-10-21,Weighted Chin-up (added weight),7.5,3,4
2024-10-23,Barbell Curl,35,6,4
2024-10-23,Deadlift,135,6,3
2024-10-23,Weighted Dip (added weight),10,4,4
2024-10-25,Leg Extension,72.5,12,3
2024-10-25,Leg Press,170,10,4
2024-10-25,Smith Machine Calf Raise,110,6,4
2024-10-26,Barbell Curl,45,6,3
2024-10-26,Barbell Row,100,1,1
2024-10-26,Rope Pushdown,35,8,3
2024-10-26,Smith Machine Calf Raise,145,8,4
2024-10-26,Squat,130,1,1
2024-10-28,Bench Press,92.5,8,3
2024-10-28,Overhead Press,55,5,3
2024-10-28,Rope Pushdown,27.5,6,3
2024-10-28,Weighted Chin-up (added weight),7.5,7,4
2024-10-29,Leg Extension,95,6,3
2024-10-29,Leg Press,220,5,3
2024-10-30,Barbell Curl,37.5,6,4
2024-10-30,Barbell Row,80,5,4
2024-10-30,Deadlift,147.5,5,4
2024-10-30,Weighted Dip (added weight),12.5,6,4
2024-11-01,Leg Extension,77.5,5,3
2024-11-01,Leg Press,185,10,4
2024-11-01,Smith Machine Calf Raise,115,6,4
2024-11-01,Squat,107.5,6,3
2024-11-04,Bench Press,95,8,4
2024-11-04,Neutral Grip Lat Pulldown,80,12,4
2024-11-04,Overhead Press,60,7,4
2024-11-04,Rope Pushdown,30,12,4
2024-11-06,Barbell Row,82.5,8,3
2024-11-08,Leg Extension,77.5,5,3
2024-11-08,Leg Press,180,8,3
2024-11-08,Squat,105,6,3
2024-11-11,Bench Press,97.5,5,3
2024-11-11,Neutral Grip Lat Pulldown,82.5,8,3
2024-11-11,Overhead Press,60,5,4
2024-11-13,Barbell Curl,37.5,10,3
2024-11-13,Barbell Row,80,6,4
2024-11-13,Weighted Dip (added weight),12.5,7,3
2024-11-15,Leg Extension,77.5,5,3
2024-11-15,Leg Press,180,10,4
2024-11-15,Smith Machine Calf Raise,115,12,4
2024-11-15,Squat,110,5,4
2024-11-18,Bench Press,100,6,3
2024-11-18,Neutral Grip Lat Pulldown,80,5,4
2024-11-18,Overhead Press,60,5,4
2024-11-18,Weighted Chin-up (added weight),7.5,7,3
2024-11-20,Barbell Row,82.5,6,4
2024-11-22,Leg Extension,75,10,3
2024-11-22,Leg Press,180,12,3
2024-11-22,Smith Machine Calf Raise,115,8,4
2024-11-25,Bench Press,97.5,3,4
2024-11-25,Neutral Grip Lat Pulldown,80,6,3
2024-11-25,Overhead Press,60,5,3
2024-11-25,Rope Pushdown,27.5,8,4
2024-11-25,Weighted Chin-up (added weight),7.5,5,4
2024-11-27,Barbell Row,80,3,4
2024-11-27,Deadlift,142.5,4,4
2024-11-27,Weighted Dip (added weight),12.5,7,3
2024-11-29,Leg Extension,77.5,6,3
2024-11-29,Leg Press,185,12,4
2024-11-29,Smith Machine Calf Raise,115,12,3
2024-11-29,Squat,105,5,4
2024-12-02,Bench Press,97.5,4,4
2024-12-02,Neutral Grip Lat Pulldown,80,12,3
2024-12-02,Rope Pushdown,30,10,3
2024-12-02,Weighted Chin-up (added weight),10,8,3
2024-12-04,Barbell Curl,37.5,8,3
2024-12-04,Barbell Row,82.5,4,4
2024-12-04,Deadlift,145,6,4
2024-12-04,Weighted Dip (added weight),12.5,6,4
2024-12-06,Leg Press,185,6,4
2024-12-06,Smith Machine Calf Raise,115,12,4
2024-12-06,Squat,110,6,4
2024-12-09,Bench Press,97.5,3,4
2024-12-09,Neutral Grip Lat Pulldown,80,12,4
2024-12-09,Overhead Press,60,4,4
2024-12-09,Rope Pushdown,30,10,3
2024-12-09,Weighted Chin-up (added weight),10,6,4
2024-12-11,Barbell Curl,37.5,8,3
2024-12-11,Barbell Row,82.5,6,4
2024-12-11,Deadlift,150,4,4
2024-12-13,Leg Extension,75,6,4
2024-12-13,Smith Machine Calf Raise,115,8,4
2024-12-13,Squat,110,6,4
2024-12-16,Bench Press,100,5,4
2024-12-16,Neutral Grip Lat Pulldown,82.5,5,3
2024-12-16,Overhead Press,60,3,3
2024-12-16,Weighted Chin-up (added weight),10,8,3
2024-12-18,Barbell Curl,37.5,8,3
2024-12-18,Barbell Row,82.5,3,4
2024-12-18,Deadlift,145,6,3
2024-12-18,Weighted Dip (added weight),12.5,5,4
2024-12-20,Leg Extension,80,12,3
2024-12-20,Leg Press,190,8,4
2024-12-20,Smith Machine Calf Raise,120,12,4
2024-12-20,Squat,107.5,5,4
2024-12-23,Bench Press,100,5,4
2024-12-23,Neutral Grip Lat Pulldown,82.5,6,4
2024-12-23,Overhead Press,60,3,4
2024-12-23,Rope Pushdown,30,12,4
2024-12-23,Weighted Chin-up (added weight),10,4,4
2024-12-25,Barbell Curl,37.5,12,4
2024-12-25,Barbell Row,85,4,4
2024-12-25,Deadlift,152.5,5,3
2024-12-27,Leg Extension,77.5,6,4
2024-12-27,Leg Press,190,8,4
2024-12-27,Smith Machine Calf Raise,120,10,4
2024-12-27,Squat,107.5,4,4
2024-12-30,Bench Press,100,5,3
2024-12-30,Neutral Grip Lat Pulldown,80,10,3
2024-12-30,Overhead Press,65,3,3
2024-12-30,Rope Pushdown,30,12,3
2025-01-01,Barbell Row,85,5,3
2025-01-01,Deadlift,147.5,6,4
2025-01-03,Leg Press,195,8,4
2025-01-03,Smith Machine Calf Raise,120,6,4
2025-01-03,Squat,112.5,3,4
2025-01-06,Bench Press,102.5,3,3
2025-01-06,Neutral Grip Lat Pulldown,80,12,3
2025-01-06,Overhead Press,62.5,4,4
2025-01-06,Rope Pushdown,30,8,4
2025-01-06,Weighted Chin-up (added weight),10,5,3
2025-01-08,Barbell Curl,37.5,10,3
2025-01-08,Weighted Dip (added weight),12.5,8,4
2025-01-10,Leg Extension,77.5,12,4
2025-01-10,Leg Press,185,5,3
2025-01-10,Squat,110,3,4
2025-01-13,Bench Press,102.5,3,4
2025-01-13,Overhead Press,62.5,3,3
2025-01-13,Rope Pushdown,30,12,4
2025-01-13,Weighted Chin-up (added weight),10,7,4
2025-01-15,Barbell Curl,37.5,8,3
2025-01-15,Barbell Row,80,6,3
2025-01-15,Deadlift,140,3,4
2025-01-15,Weighted Dip (added weight),12.5,5,4
2025-01-17,Leg Extension,77.5,12,4
2025-01-17,Leg Press,180,12,4
2025-01-17,Smith Machine Calf Raise,110,5,4
2025-01-17,Squat,105,5,4
2025-01-20,Bench Press,97.5,4,4
2025-01-20,Overhead Press,60,3,3
2025-01-20,Rope Pushdown,27.5,6,3
2025-01-20,Weighted Chin-up (added weight),7.5,4,3
2025-01-22,Barbell Curl,40,6,4
2025-01-22,Barbell Row,85,3,3
2025-01-22,Deadlift,157.5,6,4
2025-01-24,Leg Extension,80,12,4
2025-01-24,Leg Press,195,10,4
2025-01-24,Smith Machine Calf Raise,125,8,3
2025-01-27,Bench Press,107.5,3,3
2025-01-27,Neutral Grip Lat Pulldown,85,5,4
2025-01-27,Overhead Press,65,4,3
2025-01-27,Weighted Chin-up (added weight),10,8,3
2025-01-29,Barbell Curl,40,10,4
2025-01-29,Barbell Row,87.5,5,3
2025-01-29,Deadlift,155,3,3
2025-01-29,Weighted Dip (added weight),12.5,5,4
2025-01-31,Leg Extension,80,12,4
2025-01-31,Leg Press,195,12,3
2025-01-31,Smith Machine Calf Raise,125,10,3
2025-02-03,Bench Press,107.5,3,3
2025-02-03,Rope Pushdown,32.5,10,3
2025-02-03,Weighted Chin-up (added weight),10,4,3
2025-02-05,Barbell Curl,40,6,4
2025-02-05,Barbell Row,90,4,3
2025-02-05,Deadlift,155,4,3
2025-02-05,Weighted Dip (added weight),12.5,7,4
2025-02-07,Leg Extension,82.5,12,4
2025-02-07,Leg Press,200,12,3
2025-02-07,Smith Machine Calf Raise,120,8,4
2025-02-10,Bench Press,105,3,3
2025-02-10,Neutral Grip Lat Pulldown,87.5,6,3
2025-02-10,Overhead Press,65,3,4
2025-02-10,Weighted Chin-up (added weight),10,5,3
2025-02-12,Barbell Curl,40,12,4
2025-02-14,Leg Extension,82.5,10,4
2025-02-14,Leg Press,195,10,3
2025-02-14,Smith Machine Calf Raise,125,6,4
2025-02-17,Bench Press,105,4,3
2025-02-17,Neutral Grip Lat Pulldown,85,8,4
2025-02-17,Overhead Press,65,6,4
2025-02-17,Rope Pushdown,30,10,3
2025-02-17,Weighted Chin-up (added weight),10,3,4
2025-02-19,Barbell Row,90,6,3
2025-02-19,Weighted Dip (added weight),15,4,3
2025-02-21,Leg Press,195,12,3
2025-02-21,Squat,117.5,3,3
2025-02-24,Bench Press,107.5,3,4
2025-02-24,Neutral Grip Lat Pulldown,90,5,4
2025-02-24,Overhead Press,65,4,3
2025-02-24,Rope Pushdown,32.5,6,4
2025-02-24,Weighted Chin-up (added weight),10,5,4
2025-02-26,Barbell Row,90,3,4
2025-02-26,Deadlift,157.5,5,3
2025-02-26,Weighted Dip (added weight),15,8,4
2025-02-28,Leg Extension,85,8,4
2025-02-28,Squat,120,6,3
2025-03-03,Bench Press,105,6,3
2025-03-03,Neutral Grip Lat Pulldown,87.5,8,3
2025-03-03,Overhead Press,67.5,5,4
2025-03-03,Weighted Chin-up (added weight),10,3,4
2025-03-05,Barbell Row,87.5,5,4
2025-03-07,Leg Extension,85,12,3
2025-03-07,Leg Press,205,6,3
2025-03-07,Smith Machine Calf Raise,130,10,4
2025-03-07,Squat,117.5,5,3
2025-03-10,Bench Press,107.5,4,3
2025-03-10,Neutral Grip Lat Pulldown,90,6,3
2025-03-10,Overhead Press,67.5,4,3
2025-03-10,Rope Pushdown,32.5,6,3
2025-03-10,Weighted Chin-up (added weight),10,7,3
2025-03-12,Barbell Curl,40,8,3
2025-03-12,Deadlift,165,3,4
2025-03-12,Weighted Dip (added weight),15,6,4
2025-03-14,Leg Extension,85,6,4
2025-03-14,Leg Press,195,5,4
2025-03-14,Smith Machine Calf Raise,125,10,4
2025-03-14,Squat,120,5,3
2025-03-17,Bench Press,105,4,3
2025-03-17,Neutral Grip Lat Pulldown,90,10,4
2025-03-17,Overhead Press,67.5,5,4
2025-03-17,Weighted Chin-up (added weight),10,4,3
2025-03-19,Weighted Dip (added weight),15,7,4
2025-03-21,Leg Extension,85,5,4
2025-03-21,Leg Press,205,5,3
2025-03-21,Smith Machine Calf Raise,130,5,3
2025-03-21,Squat,120,3,3
2025-03-24,Bench Press,107.5,5,4
2025-03-24,Neutral Grip Lat Pulldown,87.5,12,3
2025-03-24,Overhead Press,67.5,3,3
2025-03-24,Rope Pushdown,32.5,6,3
2025-03-24,Weighted Chin-up (added weight),10,3,3
2025-03-26,Barbell Curl,40,8,4
2025-03-26,Barbell Row,90,4,3
2025-03-26,Deadlift,165,4,4
2025-03-26,Weighted Dip (added weight),15,8,4
2025-03-28,Leg Press,205,6,3
2025-03-28,Smith Machine Calf Raise,130,10,4
2025-03-28,Squat,115,4,4
2025-03-31,Bench Press,110,6,4
2025-03-31,Neutral Grip Lat Pulldown,87.5,5,4
2025-03-31,Overhead Press,65,4,3
2025-03-31,Rope Pushdown,32.5,12,4
2025-03-31,Weighted Chin-up (added weight),10,3,4
2025-04-02,Barbell Curl,40,10,3
2025-04-02,Deadlift,157.5,3,3
2025-04-02,Weighted Dip (added weight),15,4,3
2025-04-04,Leg Extension,85,6,3
2025-04-04,Smith Machine Calf Raise,130,12,3
2025-04-04,Squat,115,5,4
2025-04-07,Bench Press,110,5,3
2025-04-07,Overhead Press,67.5,5,4
2025-04-09,Barbell Curl,37.5,10,4
2025-04-09,Barbell Row,85,4,3
2025-04-09,Deadlift,150,3,4
2025-04-09,Weighted Dip (added weight),12.5,8,3
2025-04-11,Leg Press,190,10,4
2025-04-11,Squat,110,5,3
2025-04-14,Bench Press,100,4,3
2025-04-14,Overhead Press,62.5,3,3
2025-04-14,Rope Pushdown,30,8,3
2025-04-16,Barbell Row,90,5,3
2025-04-16,Deadlift,162.5,5,3
2025-04-16,Weighted Dip (added weight),15,6,3
2025-04-18,Leg Extension,87.5,12,4
2025-04-18,Leg Press,205,10,3
2025-04-18,Smith Machine Calf Raise,130,5,4
2025-04-18,Squat,120,6,4
2025-04-21,Bench Press,110,3,3
2025-04-21,Neutral Grip Lat Pulldown,85,10,3
2025-04-21,Overhead Press,67.5,5,3
2025-04-21,Rope Pushdown,32.5,6,4
2025-04-23,Barbell Curl,40,6,3
2025-04-23,Barbell Row,90,4,4
2025-04-23,Deadlift,160,3,4
2025-04-23,Weighted Dip (added weight),15,4,4
2025-04-25,Leg Extension,87.5,12,4
2025-04-25,Leg Press,195,10,3
2025-04-25,Smith Machine Calf Raise,125,5,3
2025-04-28,Bench Press,105,6,3
2025-04-28,Neutral Grip Lat Pulldown,90,6,4
2025-04-28,Overhead Press,67.5,3,4
2025-04-28,Rope Pushdown,32.5,10,4
2025-04-28,Weighted Chin-up (added weight),10,7,4
2025-04-30,Barbell Row,92.5,3,3
2025-04-30,Deadlift,160,4,4
2025-04-30,Weighted Dip (added weight),15,5,3
2025-05-02,Leg Extension,82.5,5,4
2025-05-02,Leg Press,195,8,4
2025-05-05,Bench Press,107.5,3,4
2025-05-05,Overhead Press,67.5,6,4
2025-05-05,Weighted Chin-up (added weight),12.5,8,3
2025-05-07,Barbell Row,90,6,4
2025-05-07,Deadlift,157.5,6,3
2025-05-07,Weighted Dip (added weight),15,7,4
2025-05-09,Leg Extension,85,6,4
2025-05-09,Leg Press,195,10,3
2025-05-09,Smith Machine Calf Raise,130,6,3
2025-05-09,Squat,120,5,4
2025-05-12,Bench Press,110,3,4
2025-05-12,Neutral Grip Lat Pulldown,90,10,3
2025-05-12,Overhead Press,65,5,4
2025-05-12,Rope Pushdown,32.5,12,4
2025-05-12,Weighted Chin-up (added weight),10,7,3
2025-05-14,Barbell Row,87.5,6,3
2025-05-14,Deadlift,160,4,3
2025-05-14,Weighted Dip (added weight),15,7,3
2025-05-16,Leg Extension,85,5,3
2025-05-16,Leg Press,200,10,4
2025-05-16,Squat,120,3,3
2025-05-19,Bench Press,110,3,3
2025-05-19,Neutral Grip Lat Pulldown,90,8,4
2025-05-19,Overhead Press,67.5,5,4
2025-05-19,Weighted Chin-up (added weight),10,4,4
2025-05-21,Weighted Dip (added weight),15,7,4
2025-05-23,Leg Extension,85,8,3
2025-05-23,Leg Press,205,5,3
2025-05-26,Bench Press,105,6,4
2025-05-26,Overhead Press,65,6,3
2025-05-26,Rope Pushdown,32.5,10,3
2025-05-26,Weighted Chin-up (added weight),10,4,4
2025-05-28,Barbell Row,90,6,3
2025-05-28,Deadlift,157.5,3,3
2025-05-28,Weighted Dip (added weight),15,6,4
2025-05-30,Leg Extension,82.5,12,3
2025-05-30,Leg Press,200,10,4
2025-05-30,Smith Machine Calf Raise,130,6,4
2025-05-30,Squat,120,4,4
2025-06-02,Bench Press,107.5,5,3
2025-06-02,Rope Pushdown,32.5,10,4
2025-06-02,Weighted Chin-up (added weight),10,3,4
2025-06-04,Barbell Curl,40,12,4
2025-06-04,Barbell Row,90,3,4
2025-06-04,Deadlift,160,3,3
2025-06-04,Weighted Dip (added weight),15,7,3
2025-06-06,Leg Extension,85,5,4
2025-06-06,Leg Press,200,12,4
2025-06-06,Smith Machine Calf Raise,130,8,3
2025-06-06,Squat,120,5,4
2025-06-09,Bench Press,105,3,4
2025-06-09,Neutral Grip Lat Pulldown,85,6,4
2025-06-09,Overhead Press,67.5,5,4
2025-06-09,Weighted Chin-up (added weight),10,4,3
2025-06-11,Barbell Curl,40,12,4
2025-06-11,Deadlift,157.5,3,4
2025-06-13,Leg Extension,85,5,4
2025-06-13,Leg Press,195,6,3
2025-06-13,Smith Machine Calf Raise,125,6,4
2025-06-16,Bench Press,105,4,4
2025-06-16,Neutral Grip Lat Pulldown,85,12,3
2025-06-16,Overhead Press,65,5,3
2025-06-16,Rope Pushdown,32.5,10,4
2025-06-16,Weighted Chin-up (added weight),10,5,4
2025-06-18,Barbell Curl,40,8,4
2025-06-18,Barbell Row,90,5,4
2025-06-18,Deadlift,160,5,4
2025-06-18,Weighted Dip (added weight),15,4,3
2025-06-20,Leg Extension,82.5,6,3
2025-06-20,Leg Press,200,10,4
2025-06-20,Smith Machine Calf Raise,125,12,3
2025-06-20,Squat,117.5,3,3
2025-06-23,Bench Press,107.5,3,3
2025-06-23,Neutral Grip Lat Pulldown,87.5,8,4
2025-06-23,Overhead Press,65,4,3
2025-06-23,Weighted Chin-up (added weight),10,6,3
2025-06-25,Barbell Curl,40,8,4
2025-06-25,Barbell Row,87.5,3,4
2025-06-25,Deadlift,162.5,5,3
2025-06-25,Weighted Dip (added weight),15,5,4
2025-06-27,Leg Extension,82.5,12,4
2025-06-27,Leg Press,200,10,4
2025-06-27,Smith Machine Calf Raise,125,10,3
2025-06-27,Squat,115,4,4
2025-06-30,Bench Press,97.5,3,4
2025-06-30,Neutral Grip Lat Pulldown,82.5,5,3
2025-06-30,Overhead Press,62.5,6,3
2025-06-30,Rope Pushdown,30,12,3
2025-06-30,Weighted Chin-up (added weight),10,6,4
2025-07-02,Barbell Row,82.5,3,4
2025-07-02,Deadlift,152.5,5,4
2025-07-02,Weighted Dip (added weight),15,3,4
2025-07-04,Leg Extension,77.5,5,4
2025-07-04,Leg Press,180,10,3
2025-07-04,Smith Machine Calf Raise,115,6,3
2025-07-04,Squat,105,3,4
2025-07-07,Bench Press,107.5,6,4
2025-07-07,Neutral Grip Lat Pulldown,85,5,4
2025-07-07,Overhead Press,65,5,4
2025-07-07,Rope Pushdown,32.5,12,3
2025-07-07,Weighted Chin-up (added weight),12.5,6,3
2025-07-09,Barbell Curl,40,8,3
2025-07-09,Barbell Row,87.5,3,4
2025-07-09,Deadlift,157.5,3,3
2025-07-11,Leg Press,195,12,3
2025-07-11,Smith Machine Calf Raise,125,12,3
2025-07-11,Squat,112.5,5,3
2025-07-14,Bench Press,105,5,4
2025-07-14,Overhead Press,67.5,4,4
2025-07-16,Barbell Curl,40,12,3
2025-07-16,Barbell Row,87.5,5,3
2025-07-16,Deadlift,157.5,3,4
2025-07-16,Weighted Dip (added weight),15,3,3
2025-07-18,Leg Extension,85,10,3
2025-07-18,Leg Press,190,12,4
2025-07-18,Smith Machine Calf Raise,130,12,4
2025-07-18,Squat,115,3,3
2025-07-21,Bench Press,110,3,3
2025-07-21,Neutral Grip Lat Pulldown,85,5,4
2025-07-21,Overhead Press,67.5,3,4
2025-07-21,Weighted Chin-up (added weight),10,4,3
2025-07-23,Barbell Curl,40,6,3
2025-07-23,Barbell Row,87.5,4,4
2025-07-23,Weighted Dip (added weight),15,4,4
2025-07-25,Leg Extension,82.5,12,3
2025-07-25,Leg Press,200,10,3
2025-07-25,Smith Machine Calf Raise,125,12,3
2025-07-25,Squat,115,6,4
2025-07-28,Bench Press,105,6,4
2025-07-28,Neutral Grip Lat Pulldown,85,10,3
2025-07-28,Overhead Press,67.5,5,3
2025-07-28,Rope Pushdown,30,12,4
2025-07-30,Barbell Curl,40,6,4
2025-07-30,Barbell Row,87.5,6,3
2025-07-30,Deadlift,160,4,4
2025-07-30,Weighted Dip (added weight),15,4,4
2025-08-01,Leg Extension,85,12,3
2025-08-01,Leg Press,195,8,3
2025-08-01,Smith Machine Calf Raise,130,6,3
2025-08-01,Squat,117.5,6,4
2025-08-04,Bench Press,107.5,4,4
2025-08-04,Overhead Press,65,6,3
2025-08-04,Weighted Chin-up (added weight),12.5,4,3
2025-08-06,Barbell Row,87.5,3,4
2025-08-06,Deadlift,155,6,3
2025-08-06,Weighted Dip (added weight),15,3,4
2025-08-08,Leg Press,195,10,3
2025-08-08,Smith Machine Calf Raise,125,10,3
2025-08-08,Squat,115,3,3
2025-08-11,Bench Press,107.5,6,3
2025-08-11,Overhead Press,65,5,3
2025-08-11,Rope Pushdown,32.5,6,4
2025-08-11,Weighted Chin-up (added weight),12.5,8,3
2025-08-13,Barbell Curl,40,8,4
2025-08-13,Barbell Row,90,3,4
2025-08-13,Weighted Dip (added weight),15,8,3
2025-08-15,Leg Press,200,8,4
2025-08-15,Smith Machine Calf Raise,130,5,3
2025-08-15,Squat,115,6,3
2025-08-18,Bench Press,107.5,3,4
2025-08-18,Neutral Grip Lat Pulldown,87.5,5,3
2025-08-18,Overhead Press,67.5,5,4
2025-08-18,Rope Pushdown,30,6,3
2025-08-18,Weighted Chin-up (added weight),12.5,8,3
2025-08-20,Barbell Curl,40,6,4
2025-08-20,Barbell Row,87.5,3,4
2025-08-20,Deadlift,157.5,4,4
2025-08-20,Weighted Dip (added weight),15,4,4
2025-08-22,Leg Extension,85,12,4
2025-08-22,Leg Press,200,8,4
2025-08-22,Smith Machine Calf Raise,130,8,3
2025-08-22,Squat,115,4,4
2025-08-25,Bench Press,107.5,5,4
2025-08-25,Neutral Grip Lat Pulldown,85,6,3
2025-08-25,Overhead Press,65,5,4
2025-08-25,Rope Pushdown,30,10,3
2025-08-25,Weighted Chin-up (added weight),12.5,4,4
2025-08-27,Barbell Curl,40,12,3
2025-08-27,Barbell Row,92.5,4,4
2025-08-27,Deadlift,160,4,3
2025-08-27,Weighted Dip (added weight),15,7,4
2025-08-29,Leg Extension,87.5,12,4
2025-08-29,Smith Machine Calf Raise,130,8,3
2025-09-01,Bench Press,110,6,4
2025-09-01,Neutral Grip Lat Pulldown,87.5,8,3
2025-09-01,Overhead Press,67.5,3,3
2025-09-01,Rope Pushdown,32.5,8,3
2025-09-01,Weighted Chin-up (added weight),12.5,3,4
2025-09-03,Barbell Curl,40,6,4
2025-09-03,Barbell Row,90,3,4
2025-09-03,Weighted Dip (added weight),17.5,7,4
2025-09-05,Leg Extension,85,12,3
2025-09-05,Leg Press,195,8,4
2025-09-05,Smith Machine Calf Raise,135,10,4
2025-09-05,Squat,120,6,4
2025-09-08,Bench Press,112.5,6,4
2025-09-08,Neutral Grip Lat Pulldown,90,10,3
2025-09-08,Overhead Press,67.5,3,3
2025-09-08,Rope Pushdown,32.5,10,4
2025-09-08,Weighted Chin-up (added weight),12.5,7,4
2025-09-10,Barbell Curl,42.5,12,4
2025-09-10,Barbell Row,90,6,3
2025-09-10,Deadlift,165,4,3
2025-09-12,Leg Extension,87.5,10,3
2025-09-12,Leg Press,205,10,3
2025-09-12,Smith Machine Calf Raise,135,6,3
2025-09-12,Squat,122.5,4,4
2025-09-15,Bench Press,110,3,4
2025-09-15,Overhead Press,67.5,5,4
2025-09-15,Rope Pushdown,32.5,6,4
2025-09-17,Barbell Curl,42.5,10,3
2025-09-17,Deadlift,162.5,5,4
2025-09-17,Weighted Dip (added weight),15,5,4
2025-09-19,Leg Extension,90,8,4
2025-09-19,Leg Press,200,5,3
2025-09-19,Smith Machine Calf Raise,135,5,4
2025-09-19,Squat,120,3,3
2025-09-22,Bench Press,100,5,4
2025-09-22,Neutral Grip Lat Pulldown,85,5,3
2025-09-22,Overhead Press,65,4,3
2025-09-22,Weighted Chin-up (added weight),12.5,4,3
2025-09-24,Barbell Curl,40,8,4
2025-09-24,Barbell Row,87.5,5,3
2025-09-24,Deadlift,155,5,3
2025-09-24,Weighted Dip (added weight),15,3,3
2025-09-26,Leg Extension,82.5,5,3
2025-09-26,Leg Press,195,5,3
2025-09-26,Smith Machine Calf Raise,125,12,3
2025-09-26,Squat,110,3,4
2025-09-29,Bench Press,115,3,3
2025-09-29,Neutral Grip Lat Pulldown,92.5,6,4
2025-09-29,Overhead Press,67.5,3,3
2025-09-29,Rope Pushdown,32.5,10,4
2025-10-01,Barbell Row,95,3,3
2025-10-01,Deadlift,170,4,3
2025-10-01,Weighted Dip (added weight),17.5,4,3
2025-10-03,Leg Press,205,5,3
2025-10-03,Squat,120,6,4
2025-10-06,Bench Press,112.5,6,3
2025-10-06,Neutral Grip Lat Pulldown,87.5,8,4
2025-10-06,Overhead Press,70,6,3
2025-10-06,Rope Pushdown,32.5,10,4
2025-10-06,Weighted Chin-up (added weight),12.5,5,4
2025-10-08,Deadlift,167.5,6,3
2025-10-10,Leg Extension,90,5,3
2025-10-10,Leg Press,205,10,3
2025-10-10,Smith Machine Calf Raise,135,12,3
2025-10-13,Bench Press,115,4,3
2025-10-13,Neutral Grip Lat Pulldown,92.5,12,4
2025-10-13,Overhead Press,70,4,4
2025-10-13,Weighted Chin-up (added weight),12.5,8,4
2025-10-15,Barbell Curl,42.5,12,3
2025-10-15,Weighted Dip (added weight),17.5,6,4
2025-10-17,Leg Extension,92.5,10,4
2025-10-17,Leg Press,210,5,4
2025-10-17,Smith Machine Calf Raise,135,5,3
2025-10-17,Squat,122.5,4,3
2025-10-20,Bench Press,115,6,4
2025-10-20,Overhead Press,72.5,6,4
2025-10-20,Rope Pushdown,32.5,6,4
2025-10-20,Weighted Chin-up (added weight),12.5,7,3
2025-10-22,Barbell Curl,42.5,12,4
2025-10-22,Barbell Row,92.5,5,3
2025-10-22,Deadlift,175,6,4
2025-10-22,Weighted Dip (added weight),17.5,8,4
2025-10-24,Leg Extension,90,5,3
2025-10-24,Leg Press,210,10,4
2025-10-24,Smith Machine Calf Raise,135,8,4
2025-10-24,Squat,127.5,3,4
2025-10-27,Bench Press,115,5,4
2025-10-27,Neutral Grip Lat Pulldown,92.5,5,4
2025-10-27,Overhead Press,70,5,4
2025-10-27,Rope Pushdown,32.5,10,3
2025-10-27,Weighted Chin-up (added weight),12.5,4,3
2025-10-29,Barbell Row,95,3,4
2025-10-29,Deadlift,175,6,4
2025-10-29,Weighted Dip (added weight),17.5,7,3
2025-10-31,Leg Extension,90,10,3
2025-10-31,Leg Press,215,8,3
2025-10-31,Smith Machine Calf Raise,140,5,3
2025-10-31,Squat,125,5,4
2025-11-03,Bench Press,112.5,6,3
2025-11-03,Neutral Grip Lat Pulldown,92.5,5,4
2025-11-03,Overhead Press,72.5,3,4
2025-11-03,Rope Pushdown,32.5,10,3
2025-11-03,Weighted Chin-up (added weight),12.5,7,4
2025-11-05,Barbell Curl,45,12,4
2025-11-05,Deadlift,170,6,3
2025-11-05,Weighted Dip (added weight),17.5,4,4
2025-11-07,Leg Extension,90,6,3
2025-11-07,Leg Press,215,10,3
2025-11-07,Smith Machine Calf Raise,140,8,4
2025-11-10,Bench Press,117.5,3,3
2025-11-10,Neutral Grip Lat Pulldown,92.5,6,4
2025-11-10,Overhead Press,70,5,3
2025-11-10,Rope Pushdown,35,12,4
2025-11-10,Weighted Chin-up (added weight),12.5,6,3
2025-11-11,Weighted Dip (added weight),20,7,3
2025-11-12,Barbell Row,95,5,3
2025-11-12,Deadlift,170,4,4
2025-11-12,Weighted Dip (added weight),17.5,8,4
2025-11-14,Neutral Grip Lat Pulldown,95,5,3
2025-11-14,Smith Machine Calf Raise,140,5,4
2025-11-14,Squat,127.5,5,4
2025-11-17,Bench Press,117.5,4,3
2025-11-17,Overhead Press,72.5,3,4
2025-11-17,Rope Pushdown,35,12,3
2025-11-17,Weighted Chin-up (added weight),15,3,3
2025-11-19,Barbell Curl,42.5,6,4
2025-11-19,Barbell Row,95,4,4
2025-11-19,Weighted Dip (added weight),17.5,7,3
2025-11-21,Smith Machine Calf Raise,140,8,3
2025-11-21,Squat,127.5,4,4
2025-11-24,Bench Press,120,3,3
2025-11-24,Overhead Press,72.5,4,4
2025-11-24,Weighted Chin-up (added weight),12.5,8,4
2025-11-26,Barbell Curl,45,12,4
2025-11-26,Barbell Row,100,5,4
2025-11-26,Bench Press,120,1,1
2025-11-26,Deadlift,172.5,6,4
2025-11-26,Weighted Dip (added weight),17.5,4,4
2025-11-28,Leg Press,215,5,4
2025-12-01,Bench Press,117.5,5,4
2025-12-01,Neutral Grip Lat Pulldown,92.5,5,3
2025-12-01,Overhead Press,75,5,3
2025-12-01,Rope Pushdown,35,8,3
2025-12-01,Weighted Chin-up (added weight),12.5,7,4
2025-12-03,Barbell Curl,45,8,4
2025-12-03,Barbell Row,97.5,4,4
2025-12-03,Deadlift,175,3,3
2025-12-05,Leg Press,215,10,4
2025-12-05,Squat,127.5,5,3
2025-12-08,Bench Press,120,4,3
2025-12-08,Neutral Grip Lat Pulldown,92.5,8,3
2025-12-08,Rope Pushdown,35,6,3
2025-12-08,Weighted Chin-up (added weight),12.5,4,3
2025-12-10,Barbell Curl,45,10,3
2025-12-10,Barbell Row,97.5,5,4
2025-12-10,Bench Press,100,7,3
2025-12-10,Deadlift,175,6,4
2025-12-10,Weighted Dip (added weight),17.5,6,3
2025-12-12,Leg Extension,92.5,5,3
2025-12-12,Leg Press,215,6,4
2025-12-12,Smith Machine Calf Raise,145,10,3
2025-12-12,Squat,127.5,2,2
2025-12-15,Bench Press,110,5,3
2025-12-15,Overhead Press,67.5,4,4
2025-12-17,Barbell Curl,42.5,6,3
2025-12-17,Barbell Row,92.5,2,3
2025-12-17,Weighted Dip (added weight),17.5,6,4
2025-12-19,Leg Extension,85,6,4
2025-12-19,Leg Press,205,10,3
2025-12-19,Squat,120,6,3
2025-12-22,Bench Press,117.5,5,4
2025-12-22,Neutral Grip Lat Pulldown,95,6,4
2025-12-22,Overhead Press,75,5,4
2025-12-22,Rope Pushdown,32.5,8,3
2025-12-24,Barbell Curl,42.5,12,4
2025-12-24,Deadlift,172.5,6,3
2025-12-26,Leg Extension,95,12,3
2025-12-26,Leg Press,220,6,3
2025-12-26,Smith Machine Calf Raise,145,12,3
2025-12-26,Squat,130,3,4
2025-12-29,Bench Press,115,3,4
2025-12-29,Neutral Grip Lat Pulldown,92.5,10,4
2025-12-29,Overhead Press,72.5,6,4
2025-12-29,Rope Pushdown,35,6,4
2025-12-29,Weighted Chin-up (added weight),15,5,3
2025-12-31,Barbell Row,100,4,3
2026-01-02,Leg Extension,90,10,4
2026-01-02,Leg Press,210,10,3
2026-01-02,Smith Machine Calf Raise,140,6,3
2026-01-02,Squat,130,6,3
2026-01-05,Bench Press,117.5,5,3
2026-01-05,Neutral Grip Lat Pulldown,92.5,8,3
2026-01-05,Overhead Press,72.5,4,4
2026-01-05,Rope Pushdown,35,6,4
2026-01-05,Weighted Chin-up (added weight),12.5,5,4
2026-01-07,Barbell Curl,42.5,10,3
2026-01-07,Barbell Row,97.5,6,3
2026-01-07,Weighted Dip (added weight),17.5,6,4
2026-01-09,Leg Extension,92.5,8,4
2026-01-09,Leg Press,215,10,3
2026-01-09,Smith Machine Calf Raise,135,12,3
2026-01-09,Squat,125,1,1
2026-01-12,Bench Press,117.5,1,2
2026-01-12,Neutral Grip Lat Pulldown,95,8,3
2026-01-12,Overhead Press,72.5,5,4
2026-01-12,Rope Pushdown,32.5,10,3
2026-01-14,Barbell Row,97.5,6,4
2026-01-14,Deadlift,170,3,3
2026-01-14,Weighted Dip (added weight),17.5,5,4
2026-01-16,Leg Extension,92.5,6,4
2026-01-16,Squat,125,3,3
2026-01-19,Bench Press,117.5,2,1
2026-01-19,Overhead Press,70,1,3
2026-01-19,Rope Pushdown,32.5,12,3
2026-01-19,Weighted Chin-up (added weight),15,6,3
2026-01-21,Barbell Curl,42.5,6,4
2026-01-21,Barbell Row,97.5,5,3
2026-01-21,Deadlift,170,6,4
2026-01-21,Weighted Dip (added weight),17.5,7,4
2026-01-23,Leg Extension,90,8,3
2026-01-23,Leg Press,215,8,4
2026-01-23,Smith Machine Calf Raise,140,12,3
2026-01-23,Squat,127.5,6,4
2026-01-26,Bench Press,117.5,6,3
2026-01-26,Overhead Press,72.5,6,4
2026-01-28,Barbell Curl,42.5,8,3
2026-01-28,Barbell Row,95,6,4
2026-01-28,Deadlift,172.5,6,3
2026-01-28,Weighted Dip (added weight),17.5,3,3
2026-01-30,Leg Extension,90,10,3
2026-01-30,Smith Machine Calf Raise,135,6,4
2026-02-02,Bench Press,115,3,4
2026-02-02,Neutral Grip Lat Pulldown,92.5,5,3
2026-02-02,Overhead Press,72.5,3,3
2026-02-04,Barbell Row,95,1,2
2026-02-04,Deadlift,177.5,3,1
2026-02-04,Weighted Dip (added weight),17.5,6,4
2026-02-06,Leg Extension,90,5,3
2026-02-06,Squat,127.5,4,3
2026-02-09,Bench Press,115,2,2
2026-02-09,Neutral Grip Lat Pulldown,92.5,6,4
2026-02-09,Overhead Press,72.5,4,3
2026-02-09,Rope Pushdown,32.5,12,4
2026-02-11,Barbell Curl,45,8,3
2026-02-11,Barbell Row,97.5,3,3
2026-02-11,Weighted Dip (added weight),17.5,4,4
2026-02-13,Leg Extension,92.5,8,4
2026-02-13,Smith Machine Calf Raise,140,12,4
2026-02-16,Bench Press,115,5,3
2026-02-16,Overhead Press,72.5,6,4
2026-02-16,Rope Pushdown,32.5,10,3
2026-02-18,Barbell Curl,45,12,3
2026-02-18,Barbell Row,95,5,3
2026-02-18,Deadlift,170,4,4
2026-02-18,Weighted Dip (added weight),17.5,7,4
2026-02-20,Leg Extension,92.5,10,4
2026-02-20,Leg Press,215,5,4
2026-02-20,Squat,127.5,5,3
2026-02-23,Bench Press,117.5,4,4
2026-02-23,Overhead Press,72.5,4,4
2026-02-23,Rope Pushdown,32.5,12,4
2026-02-23,Weighted Chin-up (added weight),12.5,5,3
2026-02-25,Barbell Row,95,6,4
2026-02-25,Deadlift,167.5,6,3
2026-02-25,Weighted Dip (added weight),17.5,6,4
2026-02-27,Leg Extension,90,5,3
2026-02-27,Leg Press,215,12,3
2026-02-27,Squat,122.5,6,4
2026-03-02,Bench Press,117.5,6,3
2026-03-02,Neutral Grip Lat Pulldown,92.5,6,4
2026-03-02,Overhead Press,72.5,1,1
2026-03-02,Rope Pushdown,35,10,3
2026-03-02,Weighted Chin-up (added weight),15,5,4
2026-03-04,Barbell Row,92.5,5,4
2026-03-04,Deadlift,175,3,2
2026-03-06,Leg Extension,92.5,12,4
2026-03-06,Leg Press,215,6,4
2026-03-06,Smith Machine Calf Raise,140,8,3
2026-03-06,Squat,125,4,4
2026-03-09,Bench Press,110,3,3
2026-03-09,Overhead Press,67.5,5,3
2026-03-09,Rope Pushdown,32.5,6,3
2026-03-09,Weighted Chin-up (added weight),12.5,7,3
2026-03-11,Barbell Curl,40,6,4
2026-03-11,Barbell Row,90,6,3
2026-03-11,Deadlift,162.5,5,3
2026-03-13,Leg Press,195,10,3
2026-03-13,Smith Machine Calf Raise,130,5,3
2026-03-16,Bench Press,112.5,3,3
2026-03-16,Neutral Grip Lat Pulldown,90,8,4
2026-03-16,Overhead Press,70,3,2
2026-03-16,Rope Pushdown,35,6,3
2026-03-16,Weighted Chin-up (added weight),15,5,4
2026-03-18,Barbell Curl,42.5,8,3
2026-03-18,Deadlift,175,6,4
2026-03-18,Weighted Dip (added weight),17.5,7,4
2026-03-20,Leg Extension,90,12,3
2026-03-20,Leg Press,210,5,3
2026-03-20,Smith Machine Calf Raise,140,10,4
2026-03-20,Squat,127.5,4,3
2026-03-23,Bench Press,117.5,5,3
2026-03-23,Overhead Press,72.5,5,4
2026-03-23,Rope Pushdown,35,10,3
2026-03-25,Barbell Curl,45,12,4
2026-03-25,Barbell Row,97.5,5,4
2026-03-25,Deadlift,172.5,1,2
2026-03-25,Weighted Dip (added weight),17.5,5,4
2026-03-27,Leg Extension,87.5,6,4
2026-03-27,Leg Press,215,5,4
2026-03-27,Smith Machine Calf Raise,140,10,4
2026-03-27,Squat,127.5,6,4
2026-03-30,Bench Press,117.5,3,3
2026-03-30,Neutral Grip Lat Pulldown,92.5,10,3
2026-03-30,Overhead Press,72.5,3,4
2026-04-01,Barbell Curl,42.5,10,4
2026-04-01,Weighted Dip (added weight),17.5,4,4
2026-04-03,Smith Machine Calf Raise,140,12,3
2026-04-03,Squat,127.5,4,3
2026-04-06,Bench Press,117.5,3,4
2026-04-06,Overhead Press,72.5,4,3
2026-04-06,Weighted Chin-up (added weight),15,4,4
2026-04-08,Barbell Curl,45,6,4
2026-04-08,Barbell Row,95,3,4
2026-04-08,Weighted Dip (added weight),20,3,4
2026-04-10,Leg Extension,90,10,4
2026-04-10,Leg Press,215,6,3
2026-04-10,Smith Machine Calf Raise,135,5,3
2026-04-10,Squat,127.5,6,4
2026-04-13,Bench Press,112.5,3,3
2026-04-13,Overhead Press,72.5,3,1
2026-04-13,Rope Pushdown,32.5,10,3
2026-04-13,Weighted Chin-up (added weight),15,3,4
2026-04-15,Barbell Curl,42.5,6,4
2026-04-15,Barbell Row,95,3,3
2026-04-15,Weighted Dip (added weight),17.5,6,3
2026-04-17,Leg Extension,90,10,3
2026-04-17,Smith Machine Calf Raise,135,5,4
2026-04-17,Squat,127.5,1,1
2026-04-20,Bench Press,115,6,3
2026-04-20,Neutral Grip Lat Pulldown,95,5,4
2026-04-20,Overhead Press,72.5,6,4
2026-04-20,Rope Pushdown,35,6,3
2026-04-20,Weighted Chin-up (added weight),15,7,3
2026-04-22,Barbell Curl,42.5,10,4
2026-04-22,Barbell Row,95,6,3
2026-04-22,Deadlift,175,4,3
2026-04-22,Weighted Dip (added weight),20,3,3
2026-04-24,Leg Extension,92.5,12,3
2026-04-24,Leg Press,210,5,3
2026-04-24,Smith Machine Calf Raise,140,6,3
2026-04-24,Squat,125,2,2
2026-04-27,Bench Press,115,6,4
2026-04-27,Neutral Grip Lat Pulldown,90,6,3
2026-04-27,Overhead Press,72.5,5,4
2026-04-27,Rope Pushdown,32.5,12,4
2026-04-27,Weighted Chin-up (added weight),15,3,4
2026-04-29,Barbell Curl,42.5,10,3
2026-04-29,Barbell Row,97.5,3,4
2026-04-29,Weighted Dip (added weight),20,7,3
2026-05-01,Leg Extension,92.5,12,3
2026-05-01,Leg Press,210,6,4
2026-05-01,Smith Machine Calf Raise,135,8,3
2026-05-04,Bench Press,117.5,3,4
2026-05-04,Weighted Chin-up (added weight),15,5,3
2026-05-06,Barbell Curl,42.5,8,3
2026-05-08,Leg Extension,92.5,12,4
2026-05-08,Smith Machine Calf Raise,140,5,4
2026-05-08,Squat,125,6,3
2026-05-11,Bench Press,120,6,3
2026-05-11,Neutral Grip Lat Pulldown,92.5,8,4
2026-05-11,Overhead Press,75,3,3
2026-05-11,Rope Pushdown,35,12,4
2026-05-11,Weighted Chin-up (added weight),15,8,4
2026-05-13,Barbell Row,97.5,6,3
2026-05-13,Deadlift,175,3,3
2026-05-13,Weighted Dip (added weight),20,7,3
2026-05-15,Leg Extension,95,10,4
2026-05-15,Leg Press,215,12,3
2026-05-15,Smith Machine Calf Raise,140,10,4
2026-05-15,Squat,127.5,1,2
2026-05-18,Bench Press,115,5,3
2026-05-18,Neutral Grip Lat Pulldown,92.5,5,3
2026-05-18,Overhead Press,72.5,3,4
2026-05-18,Rope Pushdown,35,10,4
2026-05-20,Deadlift,180,4,3
2026-05-22,Leg Press,215,8,4
2026-05-25,Bench Press,115,4,4
2026-05-25,Overhead Press,75,4,4
2026-05-25,Rope Pushdown,35,12,3
2026-05-25,Weighted Chin-up (added weight),15,3,4
2026-05-27,Barbell Curl,45,12,4
2026-05-27,Deadlift,182.5,1,3
2026-05-27,Weighted Dip (added weight),20,6,4
2026-05-29,Smith Machine Calf Raise,145,12,4
2026-05-29,Squat,125,4,3
2026-06-01,Bench Press,110,6,3
2026-06-01,Deadlift,180,1,1
2026-06-01,Overhead Press,70,5,3
2026-06-01,Rope Pushdown,32.5,8,3
2026-06-01,Weighted Chin-up (added weight),15,4,3
2026-06-03,Barbell Row,92.5,3,4
2026-06-03,Overhead Press,75,3,1
2026-06-03,Weighted Dip (added weight),20,4,4
2026-06-05,Leg Press,215,6,3
2026-06-05,Smith Machine Calf Raise,145,10,3
2026-06-05,Squat,127.5,3,2
